PartNumber,ASIN,Title,Merged Description,URL,bullet01,bullet02,bullet03,bullet04,bullet05
178-8276,B0010HGZGU,Beck/Arnley 178-8276 Direct Ignition Coil For,"VEHICLE FIT: BMW 320i (2001-2003), BMW 323i (1998-2000), BMW 323is (1998-1999), BMW 325Ci (2001-2002), BMW 325i (2001-2002), BMW 325xi (2001-2002), BMW 328i (1996-2000), BMW 328is (1996-1999), BMW 330Ci (2001-2002), BMW 330i (2001-2002), BMW 330xi (2001-2002), BMW 525i (2001-2002), BMW 528i (1997-2000), BMW 528it (1999-2000), BMW 530i (2001-2002), BMW 540i (1997-2003), BMW 540it (1999-2000), BMW 740i (1997-2001), BMW 740iL (1996-2001), BMW 750iL (1995-2001), BMW 840ci (1996-1997), BMW 850Ci (1995-1997), BMW M3 (1996-1999), BMW M5 (2000-2003), BMW X5 (2001-2002), BMW X5 (2000-2003), BMW X5 (2002-2003), BMW Z3 (1999-2002), BMW Z3 (1997-2000), BMW Z3 (2001-2002), BMW Z3 (1998-2000), BMW Z8 (2000-2003)",https://www.amazon.com/Beck-Arnley-178-8276-Direct-Ignition/dp/B0010HGZGU,"Matches OE form, fit and function",Made from premium materials to withstand high temperatures,Primary and secondary windings made from copper,Out of the box and straight onto the vehicle for easy installation,Application specific for this vehicle
178-8286,B0010HI40K,Beck/Arnley 178-8286 Direct Ignition Coil For,"VEHICLE FIT: Acura RDX  (2007-2012), Acura TSX (2004-2008)",https://www.amazon.com/dp/B0010HI40K,"Matches OE form, fit and function",Made from premium materials to withstand high temperatures,Primary and secondary windings made from copper,Out of the box and straight onto the vehicle for easy installation,Application specific for this vehicle
178-8287,B0010HLVP0,Beck/Arnley 178-8287 Direct Ignition Coil For 2002-2005 Kia Sedona,VEHICLE FIT: Kia Sedona (2002-2005),https://www.amazon.com/dp/B0010HLVP0,"Matches OE form, fit and function",Made from premium materials to withstand high temperatures,Primary and secondary windings made from copper,Out of the box and straight onto the vehicle for easy installation,Application specific for this vehicle
178-8288,B0010HLVPK,Beck/Arnley 178-8288 Ignition Coil For 2003-2006 Kia Sorento,VEHICLE FIT: Kia Sorento (2003-2006),https://www.amazon.com/Beck-Arnley-178-8288-Ignition-Coil/dp/B0010HLVPK,"Matches OE form, fit and function",Made from premium materials to withstand high temperatures,Primary and secondary windings made from copper,Out of the box and straight onto the vehicle for easy installation,Application specific for this vehicle
178-8290,B0010HJUIU,Beck/Arnley 178-8290 Direct Ignition Coil For,"VEHICLE FIT: Hyundai Accent (2006-2011), Kia Rio (2006-2011), Kia Rio5 (2006-2011)",https://www.amazon.com/dp/B0010HJUIU,"Matches OE form, fit and function",Made from premium materials to withstand high temperatures,Primary and secondary windings made from copper,Out of the box and straight onto the vehicle for easy installation,Application specific for this vehicle
178-8292,B002ICASQO,Beck/Arnley 178-8292 Direct Ignition Coil For,"VEHICLE FIT: Hyundai Azera (2007-2017), Hyundai Azera (2006-2011), Hyundai Entourage (2007-2008), Hyundai Genesis (2009-2016), Hyundai Genesis Coupe (2010-2016), Hyundai Santa Fe (2007-2018), Hyundai Santa Fe (2010-2012), Hyundai Sonata (2006-2008), Hyundai Sonata (2006-2010), Hyundai Veracruz (2007-2012), Kia Amanti (2007-2009), Kia Cadenza (2014-2016), Kia K900 (2016-2017), Kia Optima (2007-2009), Kia Rondo (2007-2009), Kia Sedona (2015-2018), Kia Sedona (2011-2014), Kia Sedona (2006-2010), Kia Sorento (2008-2009), Kia Sorento (2011-2013), Kia Sorento (2007-2009), Kia Sorento (2016-2017), Kia Sorento (2014-2015)",https://www.amazon.com/dp/B002ICASQO,"Matches OE form, fit and function",Made from premium materials to withstand high temperatures,Primary and secondary windings made from copper,Out of the box and straight onto the vehicle for easy installation,Application specific for this vehicle
178-8293,B0010HI40U,Beck/Arnley 178-8293 Direct Ignition Coil For,"VEHICLE FIT: Hyundai Santa Fe (2003-2006), Hyundai XG350 (2003-2005), Kia Amanti (2004-2006)",https://www.amazon.com/Beck-Arnley-178-8293-Direct-Ignition/dp/B0010HI40U,"Matches OE form, fit and function",Made from premium materials to withstand high temperatures,Primary and secondary windings made from copper,Out of the box and straight onto the vehicle for easy installation,Application specific for this vehicle
178-8294,B0010HI41O,Beck/Arnley 178-8294 Direct Ignition Coil For,"VEHICLE FIT: Hyundai Santa Fe (2001-2004), Hyundai Sonata (1999-2005), Kia Optima (2001-2005)",https://www.amazon.com/dp/B0010HI41O,"Matches OE form, fit and function",Made from premium materials to withstand high temperatures,Primary and secondary windings made from copper,Out of the box and straight onto the vehicle for easy installation,Application specific for this vehicle
178-8296,B0010HNRSO,Beck/Arnley 178-8296 Direct Ignition Coil For,"VEHICLE FIT: Infiniti I35  (2002-2004), Infiniti QX4  (2002-2003), Nissan Altima  (2002-2006), Nissan Frontier  (2005-2019), Nissan Maxima (2002-2008), Nissan Murano  (2003-2007), Nissan NV1500  (2012-2021), Nissan NV2500  (2012-2021), Nissan NV3500  (2012-2021), Nissan Pathfinder  (2002-2004), Nissan Pathfinder  (2005-2012), Nissan Quest  (2004-2009), Nissan Xterra  (2005-2015), Suzuki Equator  (2009-2012)",https://www.amazon.com/dp/B0010HNRSO,"Matches OE form, fit and function",Made from premium materials to withstand high temperatures,Primary and secondary windings made from copper,Out of the box and straight onto the vehicle for easy installation,Application specific for this vehicle
178-8297,B0010HJUJE,Beck/Arnley 178-8297 Direct Ignition Coil For,VEHICLE Fiat: (2000) Infiniti I30  (2000) Nissan Maxima ,https://www.amazon.com/Beck-Arnley-178-8297-Direct-Ignition/dp/B0010HJUJE,"Matches OE form, fit and function",Made from premium materials to withstand high temperatures,Primary and secondary windings made from copper,Out of the box and straight onto the vehicle for easy installation,Application specific for this vehicle
178-8300,B0010HJUJ4,Beck/Arnley 178-8300 Direct Ignition Coil For,"VEHICLE FIT: Infiniti I30  (1996-1999), Nissan Maxima (1995-1999)",https://www.amazon.com/Beck-Arnley-178-8300-Direct-Ignition/dp/B0010HJUJ4,"Matches OE form, fit and function",Made from premium materials to withstand high temperatures,Primary and secondary windings made from copper,Out of the box and straight onto the vehicle for easy installation,Application specific for this vehicle
178-8302,B001O0CIU0,Beck/Arnley 178-8302 Direct Ignition Coil For,"VEHICLE FIT: Chevrolet Prizm (2000-2002), PON Vibe (2003-2008), Toyota Celica  (2000-2005), Toyota Corolla  (2000-2008), Toyota Matrix  (2003-2008), Toyota MR2 Spyder  (2000-2005)",https://www.amazon.com/dp/B001O0CIU0,"Matches OE form, fit and function",Made from premium materials to withstand high temperatures,Primary and secondary windings made from copper,Out of the box and straight onto the vehicle for easy installation,Application specific for this vehicle
178-8303,B001DUEX54,Beck/Arnley 178-8303 Direct Ignition Coil For,"VEHICLE FIT: Acura CL  (2001-2003), Acura TL (1999-2003), Honda Accord  (2000-2002), Honda Odyssey  (1999-2002)",https://www.amazon.com/dp/B001DUEX54,"Matches OE form, fit and function",Made from premium materials to withstand high temperatures,Primary and secondary windings made from copper,Out of the box and straight onto the vehicle for easy installation,Application specific for this vehicle
178-8304,B001DUGT38,Beck/Arnley 178-8304 Direct Ignition Coil For,"VEHICLE FIT: Scion xA  (2004-2006), Scion xB  (2004-2006), Toyota Echo  (2000-2005), Toyota Prius  (2001-2009), Toyota Yaris  (2007-2010)",https://www.amazon.com/dp/B001DUGT38,"Matches OE form, fit and function",Made from premium materials to withstand high temperatures,Primary and secondary windings made from copper,Out of the box and straight onto the vehicle for easy installation,Application specific for this vehicle
178-8305,B001DUIVCK,Beck/Arnley 178-8305 Direct Ignition Coil For 2000-2001 Nissan Sentra,VEHICLE FIT: Nissan Sentra  (2000-2001),https://www.amazon.com/dp/B001DUIVCK,"Matches OE form, fit and function",Made from premium materials to withstand high temperatures,Primary and secondary windings made from copper,Out of the box and straight onto the vehicle for easy installation,Application specific for this vehicle
178-8306,B0027ACR1G,Beck/Arnley 178-8306 Direct Ignition Coil For 2002-2006 Nissan Sentra,VEHICLE FIT: Nissan Sentra  (2002-2006),https://www.amazon.com/Beck-Arnley-178-8306-Direct-Ignition/dp/B0027ACR1G,"Matches OE form, fit and function",Made from premium materials to withstand high temperatures,Primary and secondary windings made from copper,Out of the box and straight onto the vehicle for easy installation,Application specific for this vehicle
178-8307,B001O0GBVM,Beck/Arnley 178-8307 Direct Ignition Coil For,"VEHICLE FIT: Audi A6 Quattro (AWN) (2001-2004), Audi A8 Quattro (AUX, AKB) (2001-2003), Audi RS6 (BCY) (2003-2004), Audi S6 (BBD) (2002-2003), Audi S8 (AYS) (2001-2003), Audi TT (ATC) (2000-2001), Audi TT Quattro (AMU) (2001-2002), Volkswagen Beetle (APH) (1999-2001), Volkswagen Golf (AWD) (2000-2001)",https://www.amazon.com/dp/B001O0GBVM,"Matches OE form, fit and function",Made from premium materials to withstand high temperatures,Primary and secondary windings made from copper,Out of the box and straight onto the vehicle for easy installation,Application specific for this vehicle
178-8309,B002E51UMG,Beck/Arnley 178-8309 Direct Ignition Coil For,"VEHICLE FIT: Audi A4 (AEB) (1997-1999), Audi A4 Quattro (AEB) (1997-2000), Audi A6 Quattro (APB) (2000-2002), Audi A8 (AEW) (1997-1999), Audi A8 Quattro (ABZ) (1997-1999), Audi Allroad Quattro (APB) (2001-2002), Audi S4 (APB) (2000-2002), Volkswagen Passat (AEB) (1998-1999)",https://www.amazon.com/dp/B002E51UMG,"Matches OE form, fit and function",Made from premium materials to withstand high temperatures,Primary and secondary windings made from copper,Out of the box and straight onto the vehicle for easy installation,Application specific for this vehicle
178-8310,B001UEDHR8,Beck/Arnley 178-8310 Direct Ignition Coil For,"VEHICLE FIT: Mazda Protege (2000) (2001-2003), Mazda Protege5 (2000) (2002-2003)",https://www.amazon.com/dp/B001UEDHR8,"Matches OE form, fit and function",Made from premium materials to withstand high temperatures,Primary and secondary windings made from copper,Out of the box and straight onto the vehicle for easy installation,Application specific for this vehicle
178-8313,B002E58QFA,Beck/Arnley 178-8313 Direct Ignition Coil For,"VEHICLE FIT: Lexus GS430  (2001-2003), Lexus GX470  (2003-2009), Lexus LS430  (2001-2003), Lexus LX470  (1998-2007), Lexus SC430  (2002-2010), Toyota 4Runner  (2003-2009), Toyota Land Cruiser  (1998-2007), Toyota Sequoia  (2001-2009), Toyota Tundra  (2000-2009)",https://www.amazon.com/dp/B002E58QFA,"Matches OE form, fit and function",Made from premium materials to withstand high temperatures,Primary and secondary windings made from copper,Out of the box and straight onto the vehicle for easy installation,Application specific for this vehicle
178-8314,B002E571VA,Beck/Arnley 178-8314 Direct Ignition Coil For,"VEHICLE FIT: Lexus HS250h  (2010-2012), Scion tC  (2005-2007), Scion tC  (2008-2010), Scion xB (2013-2015), Toyota Camry  (2002-2008), Toyota Camry  (2007-2011), Toyota Corolla (2009-2010), Toyota Highlander  (2001-2007), Toyota Matrix  (2009-2013), Toyota Rav4  (2001-2003), Toyota Rav4  (2004-2008), Toyota Solara  (2002-2007)",https://www.amazon.com/dp/B002E571VA,"Matches OE form, fit and function",Made from premium materials to withstand high temperatures,Primary and secondary windings made from copper,Out of the box and straight onto the vehicle for easy installation,Application specific for this vehicle
178-8315,B001UEJK7Y,Beck/Arnley 178-8315 Direct Ignition Coil For,"VEHICLE FIT: Lexus ES300  (1999-2003), Lexus RX300  (1999-2003), Toyota Avalon  (2000-2004), Toyota Camry  (2002-2006), Toyota Highlander  (2001-2003), Toyota Sienna  (2001-2003)",https://www.amazon.com/dp/B001UEJK7Y,"Matches OE form, fit and function",Made from premium materials to withstand high temperatures,Primary and secondary windings made from copper,Out of the box and straight onto the vehicle for easy installation,Application specific for this vehicle
178-8316,B08MCND7SL,Set of 4 Beck Arnley 178-8316 Ignition Coils For 2007-2010 Nissan Sentra,VEHICLE FIT: Nissan Sentra  (2007-2010),https://www.amazon.com/Beck-Arnley-178-8316-Ignition-Coils/dp/B08MCND7SL,"Matches OE form, fit, and function",Manufactured from premium materials to withstand high temperatures,100% copper in both primary and secondary windings,Out of the box and straight onto the vehicle for easy installation,Application specific to ensure a correct fit for your vehicle
178-8317,B0B2ZCZVBV,FITS 178-8317 Beck Arnley New Ignition Coils for Infiniti G35 Nissan 350Z FX35 M35 For,"VEHICLE FIT: Infiniti FX35  (2003-2008), Infiniti G35  (2003-2007), Infiniti M35  (2006-2008), Nissan 350Z  (2003-2006)",https://www.amazon.com/178-8317-Arnley-Ignition-Infiniti-Nissan/dp/B0B2ZCZVBV,*** Please Check fitment for your vehicle Year/Make/Model on compatibility dropdown / chart. No modification necessary. Images depict actual item and necessary components ***,Direct Replacement,Fits Part Numbers: 178-8317 / 16521382,"1-year, unlimited-mileage warranty",This Brand New Ignition Coil is built according to the highest standards of quality and precise specifications.
178-8318,B001UEHME2,Beck/Arnley 178-8318 Direct Ignition Coil For,"VEHICLE FIT: Infiniti FX45  (2003-2008), Infiniti M45  (2003-2010), Infiniti Q45  (2002-2006)",https://www.amazon.com/Beck-Arnley-178-8318-Direct-Ignition/dp/B001UEHME2,"Matches OE form, fit and function",Made from premium materials to withstand high temperatures,Primary and secondary windings made from copper,Out of the box and straight onto the vehicle for easy installation,Application specific for this vehicle
178-8320,B002V94VYY,Beck/Arnley 178-8320 Direct Ignition Coil For,"VEHICLE FIT: Ford Escape (2001-2006), Ford Five Hundred (2005-2007), Ford Freestyle (2005-2007), Ford Taurus (S) (2000-2004), Mazda Tribute (2001-2009), Mercury Montego (2006-2007), Mercury Sable (2000-2004)",https://www.amazon.com/dp/B002V94VYY,"Matches OE form, fit and function",Made from premium materials to withstand high temperatures,Primary and secondary windings made from copper,Out of the box and straight onto the vehicle for easy installation,Application specific for this vehicle
178-8328,B002IC829E,Beck/Arnley 178-8328 Direct Ignition Coil For,"VEHICLE FIT: Ford Escape (2005-2008), Ford Focus (2003-2007), Ford Transit Connect (2010-2012), Mazda 3 (2000) (2004-2005), Mazda 3 (2004-2005), Mazda Tribute (2005-2006), Mercury Mariner (2005-2008)",https://www.amazon.com/dp/B002IC829E,"Matches OE form, fit and function",Made from premium materials to withstand high temperatures,Primary and secondary windings made from copper,Out of the box and straight onto the vehicle for easy installation,Application specific for this vehicle
178-8329,B002IC96U8,Beck/Arnley 178-8329 Direct Ignition Coil For,"VEHICLE FIT: Jaguar Vanden Plas (1995-1997), Jaguar XJ6 (1995-1997), Jaguar XJR  (1995-1997), Jaguar XJS (1995-1996)",https://www.amazon.com/Beck-Arnley-178-8329-Direct-Ignition/dp/B002IC96U8,"Matches OE form, fit and function",Made from premium materials to withstand high temperatures,Primary and secondary windings made from copper,Out of the box and straight onto the vehicle for easy installation,Application specific for this vehicle
178-8332,B002IC82FS,Beck/Arnley 178-8332 Direct Ignition Coil For,"VEHICLE FIT: Suzuki Grand Vitara (2006-2008), Suzuki SX4 (1995) (2007-2009)",https://www.amazon.com/Beck-Arnley-178-8332-Direct-Ignition/dp/B002IC82FS,"Matches OE form, fit and function",Made from premium materials to withstand high temperatures,Primary and secondary windings made from copper,Out of the box and straight onto the vehicle for easy installation,Application specific for this vehicle
178-8333,B00F5DA8BI,Beck Arnley 178-8333 Direct Ignition Coil For,"VEHICLE FIT: Volvo C70  (1999-2002), Volvo C70  (2003-2004), Volvo C70  (2000-2002), Volvo C70  (2003-2004), Volvo S60  (2001-2004), Volvo S60  (2001-2004), Volvo S60  (2001-2003), Volvo S60  (2005-2009), Volvo S60  (2003-2004), Volvo S70  (1999-2000), Volvo S80  (2004-2006), Volvo S80  (1999-2001), Volvo S80  (2002-2005), Volvo S80  (1999-2003), Volvo V70  (1999-2004), Volvo V70  (2000-2007), Volvo V70  (2003-2005), Volvo V70  (2001-2003), Volvo V70  (1998-1999), Volvo V70  (2003-2007), Volvo XC70  (2003-2007), Volvo XC90  (2003-2006), Volvo XC90  (2003-2005)",https://www.amazon.com/Beck-Arnley-178-8333-Direct-Ignition/dp/B00F5DA8BI,,,,,
178-8335,B002V94W7K,Beck/Arnley 178-8335 Direct Ignition Coil For,"VEHICLE FIT: Infiniti QX56 (2004-2006), Nissan Armada  (2005-2007), Nissan Titan  (2004-2006)",https://www.amazon.com/Beck-Arnley-178-8335-Direct-Ignition/dp/B002V94W7K,"Matches OE form, fit and function",Made from premium materials to withstand high temperatures,Primary and secondary windings made from copper,Out of the box and straight onto the vehicle for easy installation,Application specific for this vehicle
178-8337,B004VLMFNO,Beck/Arnley 178-8337 Direct Ignition Coil For,"VEHICLE FIT: Audi A4 (AMB) (2002-2006), Audi A4 Quattro (AMB) (2002-2005), Audi A6 Quattro (BEL) (2003-2004), Audi Allroad Quattro (BEL) (2003-2005), Audi TT (AWP) (2001-2006), Audi TT Quattro (AWP) (2001-2002), Audi TT Quattro (BEA) (2003-2006), Volkswagen Beetle (AWV,AWP) (2002-2004), Volkswagen Golf (2002-2003), Volkswagen Golf (AWP) (2004-2006), Volkswagen Jetta (AWP) (2002-2005), Volkswagen Passat (AWM) (2002-2005)",https://www.amazon.com/dp/B004VLMFNO,"Matches OE form, fit and function",Made from premium materials to withstand high temperatures,Primary and secondary windings made from copper,Out of the box and straight onto the vehicle for easy installation,Application specific for this vehicle
178-8338,B004VLMGRY,Beck/Arnley 178-8338 Direct Ignition Coil For,"VEHICLE FIT: Audi A4 (AVK) (2002-2004), Audi A4 Quattro (AVK) (2002-2004), Audi A4 Quattro (BGN) (2005-2006), Audi A6 (AVK) (2002-2004), Audi A6 Quattro (AVK) (2002-2004)",https://www.amazon.com/dp/B004VLMGRY,"Matches OE form, fit and function",Made from premium materials to withstand high temperatures,Primary and secondary windings made from copper,Out of the box and straight onto the vehicle for easy installation,Application specific for this vehicle
178-8339,B004DVI1K8,Beck/Arnley 178-8339 Direct Ignition Coil For,"VEHICLE FIT: Lexus GS F  (2016-2020), Lexus IS F  (2008-2014), Lexus IS500  (2022-2023), Lexus LC500  (2018-2023), Lexus RC F  (2015-2022), Scion xB (2013-2015), Scion xB  (2008-2012), Toyota 4Runner  (2003-2009), Toyota Camry  (2006-2009), Toyota Camry  (2007-2011), Toyota Corolla (2009-2010), Toyota FJ Cruiser  (2007-2009), Toyota Matrix  (2009-2012), Toyota Solara  (2007-2008), Toyota Tacoma  (2005-2015), Toyota Tacoma  (2005-2023), Toyota Tundra  (2005-2011)",https://www.amazon.com/Beck-Arnley-178-8339-Direct-Ignition/dp/B004DVI1K8,"Matches OE form, fit and function",Made from premium materials to withstand high temperatures,Primary and secondary windings made from copper,Out of the box and straight onto the vehicle for easy installation,Application specific for this vehicle
178-8344,B003ULUTPM,Beck/Arnley 178-8344 Direct Ignition Coil For,"VEHICLE FIT: Lexus ES300h (2013-2018), Lexus GS350  (2007-2015), Lexus GS450h  (2013-2016), Lexus GS450h (FULL HYBRID EV GAS) (2007-2011), Lexus GX460  (2010-2023), Lexus IS250  (2006-2015), Lexus IS350  (2006-2016), Lexus LS460  (2007-2017), Lexus LS600h (2008-2016), Lexus LX570  (2008-2021), Lexus NX300h  (2015-2021), Lexus RC350  (2015-2016), Scion tC  (2011-2016), Toyota 4Runner  (2010-2023), Toyota Avalon  (2013-2018), Toyota Camry  (2010-2016), Toyota Camry  (2012-2017), Toyota FJ Cruiser  (2010-2014), Toyota Highlander  (2009-2019), Toyota Land Cruiser  (2008-2021), Toyota Rav4  (2009-2017), Toyota Rav4  (2017-2018), Toyota Sequoia  (2010-2012), Toyota Sequoia (2008-2022), Toyota Sienna  (2011-2012), Toyota Tundra  (2010-2019), Toyota Tundra (2012-2014), Toyota Tundra (2007-2021), Toyota Venza  (2009-2015)",https://www.amazon.com/dp/B003ULUTPM,"Matches OE form, fit and function",Made from premium materials to withstand high temperatures,Primary and secondary windings made from copper,Out of the box and straight onto the vehicle for easy installation,Application specific for this vehicle
178-8347,B004VLF072,Beck/Arnley 178-8347 Direct Ignition Coil For,"VEHICLE FIT: Lexus RX330  (2004-2006), Toyota Camry  (2005-2006), Toyota Sienna  (2004-2006), Toyota Solara  (2004-2008)",https://www.amazon.com/Beck-Arnley-178-8347-Direct-Ignition/dp/B004VLF072,"Matches OE form, fit and function",Made from premium materials to withstand high temperatures,Primary and secondary windings made from copper,Out of the box and straight onto the vehicle for easy installation,Application specific for this vehicle
178-8348,B004VLF0BI,Beck/Arnley 178-8348 Direct Ignition Coil For,"VEHICLE FIT: Volvo S80  (2007-2010), Volvo XC90  (2006-2011)",https://www.amazon.com/Beck-Arnley-178-8348-Direct-Ignition/dp/B004VLF0BI,"Matches OE form, fit and function",Made from premium materials to withstand high temperatures,Primary and secondary windings made from copper,Out of the box and straight onto the vehicle for easy installation,Application specific for this vehicle
178-8350,B003ULUTT8,Beck/Arnley 178-8350 Direct Ignition Coil For,"VEHICLE FIT: Mazda 3 (2000) (2006-2010), Mazda 3 (2006-2009), Mazda 3 (2010-2013), Mazda 3 (F, G) (2011-2013), Mazda 6 (2006-2008), Mazda 6 (2009-2013), Mazda CX-7 (2007-2012), Mazda CX-7 (2010-2012), Mazda MX-5 Miata (2000) (2006-2015)",https://www.amazon.com/dp/B003ULUTT8,"Matches OE form, fit and function",Made from premium materials to withstand high temperatures,Primary and secondary windings made from copper,Out of the box and straight onto the vehicle for easy installation,Application specific for this vehicle
178-8353,B003ULUTWA,Beck/Arnley 178-8353 Direct Ignition Coil For,"VEHICLE FIT: Hyundai Equus (2012-2016), Hyundai Genesis (2009-2012), Hyundai Genesis (2012-2016), Hyundai Genesis Coupe (Turbo) (2010-2014), Hyundai Santa Fe (2010-2012), Hyundai Santa Fe Sport (2013-2016), Hyundai Sonata (2009-2014), Hyundai Tucson (1975) (2011-2013), Hyundai Tucson (2010-2015), Kia Forte (1998) (2010-2013), Kia Forte (2010-2013), Kia Forte Koup (1998) (2010-2013), Kia Forte Koup (2010-2013), Kia K900 (2015-2017), Kia Optima (2010-2015), Kia Sorento (2011-2015), Kia Sportage (2011-2016)",https://www.amazon.com/Beck-Arnley-178-8353-Direct-Ignition/dp/B003ULUTWA,"Matches OE form, fit and function",Made from premium materials to withstand high temperatures,Primary and secondary windings made from copper,Out of the box and straight onto the vehicle for easy installation,Application specific for this vehicle
178-8354,B003ULT84U,Beck/Arnley 178-8354 Direct Ignition Coil For 2010-2011 Kia Soul,VEHICLE FIT: Kia Soul (2010-2011),https://www.amazon.com/dp/B003ULT84U,"Matches OE form, fit and function",Made from premium materials to withstand high temperatures,Primary and secondary windings made from copper,Out of the box and straight onto the vehicle for easy installation,Application specific for this vehicle
178-8358,B004DVCW9Y,Beck/Arnley 178-8358 Direct Ignition Coil For,"VEHICLE FIT: Acura CSX (1998) (2006-2011), Acura RSX (1998) (2002-2006), Honda Accord (2003-2007), Honda Civic (1998) (2002-2011), Honda CR-V (2002-2009), Honda Element (2003-2011), Honda S2000 (2004-2005)",https://www.amazon.com/dp/B004DVCW9Y,"Matches OE form, fit and function",Made from premium materials to withstand high temperatures,Primary and secondary windings made from copper,Out of the box and straight onto the vehicle for easy installation,Application specific for this vehicle
178-8359,B004DVI1M6,Beck/Arnley 178-8359 Direct Ignition Coil For,"VEHICLE FIT: Acura EL (2001-2005), Acura MDX (2001-2006), Acura MDX  (2007-2009), Honda Civic (2001-2005), Honda Pilot (2003-2008), Honda Ridgeline (2006-2008)",https://www.amazon.com/dp/B004DVI1M6,"Matches OE form, fit and function",Made from premium materials to withstand high temperatures,Primary and secondary windings made from copper,Out of the box and straight onto the vehicle for easy installation,Application specific for this vehicle
178-8360,B004EPU9YE,Beck/Arnley 178-8360 Ignition Coil Pack For,VEHICLE Fiat: (2001) Infiniti QX4 (2001) Nissan Pathfinder ,https://www.amazon.com/Beck-Arnley-178-8360-Ignition-Coil/dp/B004EPU9YE,"Matches OE form, fit and function",Made from premium materials to withstand high temperatures,Primary and secondary windings made from copper,Out of the box and straight onto the vehicle for easy installation,Application specific for this vehicle
178-8363,B004DVATJ4,Beck/Arnley 178-8363 Direct Ignition Coil For,"VEHICLE FIT: Jaguar Vanden Plas (1999-2003), Jaguar XJ8 (1999-2003), Jaguar XJR (1999-2003), Jaguar XK8 (2000-2002), Jaguar XKR (2000-2002)",https://www.amazon.com/Beck-Arnley-178-8363-Direct-Ignition/dp/B004DVATJ4,"Matches OE form, fit and function",Made from premium materials to withstand high temperatures,Primary and secondary windings made from copper,Out of the box and straight onto the vehicle for easy installation,Application specific for this vehicle
178-8364,B004DVI1RQ,Beck/Arnley 178-8364 Direct Ignition Coil For,"VEHICLE FIT: Ford Thunderbird (2002-2005), Jaguar S-Type (2000-2002), Lincoln LS (2000-2006)",https://www.amazon.com/Beck-Arnley-178-8364-Direct-Ignition/dp/B004DVI1RQ,"Matches OE form, fit and function",Made from premium materials to withstand high temperatures,Primary and secondary windings made from copper,Out of the box and straight onto the vehicle for easy installation,Application specific for this vehicle
178-8365,B004VLMN1S,Beck/Arnley 178-8365 Direct Ignition Coil For,"VEHICLE FIT: Mazda 6 (2003-2008), Mazda MPV (2002-2006)",https://www.amazon.com/dp/B004VLMN1S,"Matches OE form, fit and function",Made from premium materials to withstand high temperatures,Primary and secondary windings made from copper,Out of the box and straight onto the vehicle for easy installation,Application specific for this vehicle
178-8367,B004LGHPAW,Beck/Arnley 178-8367 Direct Ignition Coil For,"VEHICLE FIT: Honda CR-Z  (2011-2016), Honda Fit (2009-2013)",https://www.amazon.com/dp/B004LGHPAW,"Matches OE form, fit and function",Made from premium materials to withstand high temperatures,Primary and secondary windings made from copper,Out of the box and straight onto the vehicle for easy installation,Application specific for this vehicle
178-8368,B004LGHPE8,Beck/Arnley 178-8368 Direct Ignition Coil For,"VEHICLE FIT: Infiniti QX56 (2007-2010), Nissan Armada  (2007-2015), Nissan NV2500  (2012-2017), Nissan NV3500  (2012-2017), Nissan Pathfinder  (2008-2012), Nissan Titan  (2008-2015)",https://www.amazon.com/Beck-Arnley-178-8368-Direct-Ignition/dp/B004LGHPE8,"Matches OE form, fit and function",Made from premium materials to withstand high temperatures,Primary and secondary windings made from copper,Out of the box and straight onto the vehicle for easy installation,Application specific for this vehicle
178-8370,B004LGJGVS,Beck/Arnley 178-8370 Direct Ignition Coil For,"VEHICLE FIT: Acura SLX  (1998-1999), Honda Passport  (1998-1999), Isuzu Rodeo  (1998-1999), Isuzu Trooper  (1998-1999), Isuzu VehiCROSS  (1999-2001)",https://www.amazon.com/dp/B004LGJGVS,"Matches OE form, fit and function",Made from premium materials to withstand high temperatures,Primary and secondary windings made from copper,Out of the box and straight onto the vehicle for easy installation,Application specific for this vehicle
178-8374,B004LGHPQ6,Beck/Arnley 178-8374 Direct Ignition Coil For 2007-2008 Honda Fit,VEHICLE FIT: Honda Fit  (2007-2008),https://www.amazon.com/Beck-Arnley-178-8374-Direct-Ignition/dp/B004LGHPQ6,"Matches OE form, fit and function",Made from premium materials to withstand high temperatures,Primary and secondary windings made from copper,Out of the box and straight onto the vehicle for easy installation,Application specific for this vehicle
178-8376,B004LGJH76,Beck/Arnley 178-8376 Direct Ignition Coil For,"VEHICLE FIT: Infiniti EX35  (2008-2012), Infiniti FX35  (2009-2012), Infiniti G25  (2011-2012), Infiniti M35  (2009-2010), Infiniti M35h  (2012-2013), Infiniti Q50 (2014-2018), Infiniti Q70 (2014-2018), Infiniti QX60 (2014-2023), Nissan 350Z  (2007-2009), Nissan Altima  (2007-2018), Nissan Maxima (2009-2023), Nissan Murano  (2009-2023), Nissan Pathfinder (2013-2023), Nissan Quest  (2011-2017)",https://www.amazon.com/dp/B004LGJH76,"Matches OE form, fit and function",Made from premium materials to withstand high temperatures,Primary and secondary windings made from copper,Out of the box and straight onto the vehicle for easy installation,Application specific for this vehicle
178-8379,B004LGHPUC,Beck/Arnley 178-8379 Direct Ignition Coil For,"VEHICLE FIT: Acura RL  (2009-2012), Acura TL  (2009-2014), Acura TL  (2009-2014), Acura TSX  (2010-2014), Honda Accord  (2008-2012), Honda Accord Crosstour  (2010-2011), Honda Odyssey (2011-2017), Honda Odyssey  (2008-2010)",https://www.amazon.com/Beck-Arnley-178-8379-Direct-Ignition/dp/B004LGHPUC,"Matches OE form, fit and function",Made from premium materials to withstand high temperatures,Primary and secondary windings made from copper,Out of the box and straight onto the vehicle for easy installation,Application specific for this vehicle
178-8380,B004K0ZAG0,Beck/Arnley 178-8380 Direct Ignition Coil For,"VEHICLE FIT: Acura RL  (2005-2008), Acura TL  (2004-2008), Acura TL  (2007-2008), Honda Accord  (2004-2005), Honda Accord  (2006-2007), Honda Accord  (2005-2007), Honda Odyssey (2004-2007), Honda Odyssey  (2008-2010)",https://www.amazon.com/dp/B004K0ZAG0,"Matches OE form, fit and function",Made from premium materials to withstand high temperatures,Primary and secondary windings made from copper,Out of the box and straight onto the vehicle for easy installation,Application specific for this vehicle
178-8381,B004LGCPOS,Beck/Arnley 178-8381 Direct Ignition Coil For,"VEHICLE FIT: Mercedes-Benz S420 (1996-1999), Mercedes-Benz S500 (1996-1999), Mercedes-Benz SL500 (1996-1998)",https://www.amazon.com/dp/B004LGCPOS,"Matches OE form, fit and function",Made from premium materials to withstand high temperatures,Primary and secondary windings made from copper,Out of the box and straight onto the vehicle for easy installation,Application specific for this vehicle
178-8383,B004K0W1HQ,Beck/Arnley 178-8383 Direct Ignition Coil For,"VEHICLE FIT: Volvo C30 (2007-2010), Volvo C30  (2008-2013), Volvo C70  (2006-2007), Volvo C70  (2008-2013), Volvo S40  (2005-2010), Volvo S40  (2004-2006), Volvo S40  (2007-2011), Volvo S60  (2005-2009), Volvo S60  (2005-2007), Volvo S60  (2012-2016), Volvo V50  (2005-2010), Volvo V50  (2005-2006), Volvo V50  (2007-2011), Volvo V60  (2015-2016), Volvo V60 Cross Country  (2015-2016), Volvo V70  (2004-2007), Volvo XC60  (2015-2016)",https://www.amazon.com/dp/B004K0W1HQ,"Matches OE form, fit and function",Made from premium materials to withstand high temperatures,Primary and secondary windings made from copper,Out of the box and straight onto the vehicle for easy installation,Application specific for this vehicle
178-8384,B004K0TPZ2,Beck/Arnley 178-8384 Direct Ignition Coil For,"VEHICLE FIT: Mitsubishi Eclipse (2006-2012), Mitsubishi Eclipse  (2006-2012), Mitsubishi Galant (2007-2009), Mitsubishi Galant  (2005-2012), Mitsubishi Lancer (2005-2006), Mitsubishi Outlander (2005-2006)",https://www.amazon.com/Beck-Arnley-178-8384-Direct-Ignition/dp/B004K0TPZ2,"Matches OE form, fit and function",Made from premium materials to withstand high temperatures,Primary and secondary windings made from copper,Out of the box and straight onto the vehicle for easy installation,Application specific for this vehicle
178-8386,B004ZQN3DQ,Beck/Arnley 178-8386 Direct Ignition Coil For,"VEHICLE FIT: Mazda 3 (Turbo) (2010-2013), Mazda 5 (2008-2010), Mazda 5 (2012-2015)",https://www.amazon.com/Beck-Arnley-178-8386-Direct-Ignition/dp/B004ZQN3DQ,"Matches OE form, fit and function",Made from premium materials to withstand high temperatures,Primary and secondary windings made from copper,Out of the box and straight onto the vehicle for easy installation,Application specific for this vehicle
178-8387,B004LGHPYS,Beck/Arnley 178-8387 Direct Ignition Coil For,"VEHICLE FIT: Jaguar Vanden Plas (1998-2003), Jaguar XJ8 (1998-2003), Jaguar XJR (1998-2003), Jaguar XK8 (1997-2002), Jaguar XKR (2000-2002)",https://www.amazon.com/dp/B004LGHPYS,"Matches OE form, fit and function",Made from premium materials to withstand high temperatures,Primary and secondary windings made from copper,Out of the box and straight onto the vehicle for easy installation,Application specific for this vehicle
178-8388,B004K0W1XA,Beck/Arnley 178-8388 Direct Ignition Coil For 2003-2005 Subaru Impreza,VEHICLE FIT: Subaru Impreza  (2003-2005),https://www.amazon.com/Beck-Arnley-178-8388-Direct-Ignition/dp/B004K0W1XA,"Matches OE form, fit and function",Made from premium materials to withstand high temperatures,Primary and secondary windings made from copper,Out of the box and straight onto the vehicle for easy installation,Application specific for this vehicle
178-8389,B004LGGPRQ,Beck/Arnley 178-8389 Direct Ignition Coil For,"VEHICLE FIT: Subaru B9 Tribeca  (2006-2007), Subaru Legacy  (2008-2009), Subaru Outback  (2001-2009), Subaru Tribeca  (2008-2009)",https://www.amazon.com/dp/B004LGGPRQ,"Matches OE form, fit and function",Made from premium materials to withstand high temperatures,Primary and secondary windings made from copper,Out of the box and straight onto the vehicle for easy installation,Application specific for this vehicle
178-8390,B004LGEP0K,Beck/Arnley 178-8390 Direct Ignition Coil For,"VEHICLE FIT: BUI Rainier (2004-2005), Chevrolet Colorado (2004-2006), Chevrolet Colorado (2004-2006), Chevrolet Trailblazer (2002-2005), GMC Canyon (2004-2006), GMC Canyon (2004-2006), GMC Envoy (2002-2005), Isuzu Ascender (2003-2008), Isuzu I-290 (2007-2008), Oldsmobile Bravada (2002-2004)",https://www.amazon.com/Beck-Arnley-178-8390-Direct-Ignition/dp/B004LGEP0K,"Matches OE form, fit and function",Made from premium materials to withstand high temperatures,Primary and secondary windings made from copper,Out of the box and straight onto the vehicle for easy installation,Application specific for this vehicle
178-8392,B004K0RVKI,Beck/Arnley 178-8392 Direct Ignition Coil For,"VEHICLE FIT: Subaru Baja  (2004-2006), Subaru Forester  (2004-2010), Subaru Impreza  (2004-2010), Subaru Legacy  (2005-2009), Subaru Outback  (2005-2009)",https://www.amazon.com/dp/B004K0RVKI,"Matches OE form, fit and function",Made from premium materials to withstand high temperatures,Primary and secondary windings made from copper,Out of the box and straight onto the vehicle for easy installation,Application specific for this vehicle
178-8395,B004MFG0HG,Beck/Arnley 178-8395 Direct Ignition Coil For 2006-2007 Mazda 5,VEHICLE FIT: Mazda 5 (2006-2007),https://www.amazon.com/Beck-Arnley-178-8395-Direct-Ignition/dp/B004MFG0HG,"Matches OE form, fit and function",Made from premium materials to withstand high temperatures,Primary and secondary windings made from copper,Out of the box and straight onto the vehicle for easy installation,Application specific for this vehicle
178-8397,B004VLF0VI,Beck/Arnley 178-8397 Direct Ignition Coil For,"VEHICLE FIT: Lexus GS300  (1998-2005), Lexus IS300  (2001-2005), Lexus SC300  (1998-2000)",https://www.amazon.com/dp/B004VLF0VI,"Matches OE form, fit and function",Made from premium materials to withstand high temperatures,Primary and secondary windings made from copper,Out of the box and straight onto the vehicle for easy installation,Application specific for this vehicle
178-8399,B005F9HPZY,Beck/Arnley 178-8399 Direct Ignition Coil For,"VEHICLE FIT: BUI Rainier (2004-2005), Cadillac Escalade (2002-2006), Cadillac Escalade (2002-2005), Chevrolet Avalanche 1500 (2002-2006), Chevrolet Avalanche 2500 (2003-2006), Chevrolet Express 1500 (2003-2007), Chevrolet Express 2500 (2003-2007), Chevrolet Express 2500 (2003-2005), Chevrolet Express 2500 (2003-2007), Chevrolet Express 3500 (2003-2007), Chevrolet Silverado 1500 (1999-2007), Chevrolet Silverado 1500 (1999-2007), Chevrolet Silverado 1500 (2003-2007), Chevrolet Silverado 1500 HD (2001-2006), Chevrolet Silverado 2500 (1999-2000), Chevrolet Silverado 2500 (1999-2004), Chevrolet Silverado 2500 HD (2001-2007), Chevrolet Silverado 3500 (2001-2007), Chevrolet Suburban 1500 (2000-2006), Chevrolet Suburban 2500 (2000-2006), Chevrolet Tahoe (2000-2006), Chevrolet Tahoe (2000-2006), GMC Savana 1500 (2003-2007), GMC Savana 2500 (2003-2007), GMC Savana 2500 (2003-2005), GMC Savana 2500 (2003-2007), GMC Savana 3500 (2003-2007), GMC Sierra 1500 (1999-2007), GMC Sierra 1500 (1999-2007), Isuzu Ascender (2003-2004)",https://www.amazon.com/Beck-Arnley-178-8399-Direct-Ignition/dp/B005F9HPZY,"Matches OE form, fit and function",Made from premium materials to withstand high temperatures,Primary and secondary windings made from copper,Out of the box and straight onto the vehicle for easy installation,Application specific for this vehicle
178-8407,B005BNXX82,Beck/Arnley 178-8407 Direct Ignition Coil For,"VEHICLE FIT: BUI Rainier (2006-2007), Cadillac CTS (2006-2007), Cadillac Escalade (2007-2010), Chevrolet Avalanche (2007-2009), Chevrolet Avalanche (2007-2010), Chevrolet Camaro (2010-2012), Chevrolet Colorado (2009-2010), Chevrolet Corvette (2005-2007), Chevrolet Corvette (2008-2012), Chevrolet Corvette (2006-2012), Chevrolet Express 1500 (2008-2010), Chevrolet Express 2500 (2008-2010), Chevrolet Express 2500 (2008-2010), Chevrolet Express 3500 (2008-2010), Chevrolet Express 3500 (2008-2010), Chevrolet Impala (2007-2009), Chevrolet Silverado 1500 (2008-2010), Chevrolet Silverado 1500 (2009-2010), Chevrolet Silverado 1500 (2008-2010), Chevrolet Silverado 2500 HD (2008-2009), Chevrolet Silverado 3500 HD (2008-2009), Chevrolet SSR (2005-2006), Chevrolet Suburban 1500 (2007-2010), Chevrolet Suburban 2500 (2007-2010), Chevrolet Tahoe (2007-2009), Chevrolet Tahoe (2007-2010), Chevrolet Trailblazer (2006-2008), Chevrolet Trailblazer (2006-2009), GMC Canyon (2009-2010), GMC Envoy (2005-2009), GMC Savana 1500 (2008-2010), GMC Savana 2500 (2008-2010), GMC Savana 2500 (2008-2010), GMC Savana 3500 (2008-2010), GMC Savana 3500 (2008-2010), GMC Sierra 1500 (2008-2010), GMC Sierra 1500 (2008-2010), GMC Sierra 1500 (2008-2010), GMC Sierra 2500 HD (2008-2010), GMC Sierra 3500 HD (2008-2010), GMC Yukon (2007-2009), GMC Yukon (2007-2010), GMC Yukon (2007-2010), GMC Yukon XL 1500 (2007-2009), GMC Yukon XL 1500 (2007-2010), GMC Yukon XL 1500 (2007-2010), GMC Yukon XL 2500 (2007-2010), HUM H2 (2008-2009), HUM H3 (2008-2009), PON G8 (2008-2009), PON Grand Prix (2005-2008), PON GTO (2005-2006), Saab 9-7X (H) (2008-2009), Saab 9-7X (M) (2005-2009)",https://www.amazon.com/Beck-Arnley-178-8407-Direct-Ignition/dp/B005BNXX82,"Matches OE form, fit and function",Made from premium materials to withstand high temperatures,Primary and secondary windings made from copper,Out of the box and straight onto the vehicle for easy installation,Application specific for this vehicle
178-8408,B005LOXEYY,Beck/Arnley 178-8408 Direct Ignition Coil For,"VEHICLE FIT: Lexus ES330  (2004-2006), Lexus RX330  (2004-2006), Lexus RX400h  (2006-2008), Toyota Camry  (2004-2006), Toyota Highlander  (2004-2010), Toyota Solara  (2007-2008)",https://www.amazon.com/Beck-Arnley-178-8408-Direct-Ignition/dp/B005LOXEYY,"Matches OE form, fit and function",Made from premium materials to withstand high temperatures,Primary and secondary windings made from copper,Out of the box and straight onto the vehicle for easy installation,Application specific for this vehicle
178-8411,B0063OR6SQ,Beck/Arnley 178-8411 Direct Ignition Coil For,"VEHICLE FIT: BUI Allure (2008-2009), BUI Lacrosse (2008-2009), BUI Rainier (2006-2007), Cadillac CTS (2006-2007), Cadillac CTS (2009-2010), Cadillac Escalade (2009-2010), Cadillac Escalade (2007-2010), Chevrolet Avalanche (2007-2009), Chevrolet Avalanche (2007-2010), Chevrolet Camaro (2010-2012), Chevrolet Colorado (2009-2010), Chevrolet Corvette (2005-2007), Chevrolet Corvette (2008-2012), Chevrolet Corvette (2006-2012), Chevrolet Express 1500 (2008-2010), Chevrolet Express 2500 (2008-2010), Chevrolet Express 2500 (2008-2010), Chevrolet Express 3500 (2008-2010), Chevrolet Express 3500 (2008-2010), Chevrolet Impala (2007-2009), Chevrolet Silverado 1500 (2008-2010), Chevrolet Silverado 1500 (2009-2010), Chevrolet Silverado 1500 (2008-2010), Chevrolet Silverado 2500 HD (2008-2009), Chevrolet Silverado 3500 HD (2008-2009), Chevrolet SSR (2005-2006), Chevrolet Suburban 1500 (2007-2010), Chevrolet Suburban 2500 (2007-2010), Chevrolet Tahoe (2007-2009), Chevrolet Tahoe (2007-2010), Chevrolet Trailblazer (2006-2008), Chevrolet Trailblazer (2006-2009), GMC Canyon (2009-2010), GMC Envoy (2005-2009), GMC Savana 1500 (2008-2010), GMC Savana 2500 (2008-2010), GMC Savana 2500 (2008-2010), GMC Savana 3500 (2008-2010), GMC Savana 3500 (2008-2010), GMC Sierra 1500 (2008-2010), GMC Sierra 1500 (2008-2010), GMC Sierra 1500 (2008-2010), GMC Sierra 2500 HD (2008-2010), GMC Sierra 3500 HD (2008-2010), GMC Yukon (2007-2009), GMC Yukon (2007-2010), GMC Yukon (2007-2010), GMC Yukon XL 1500 (2007-2009), GMC Yukon XL 1500 (2007-2010), GMC Yukon XL 1500 (2007-2010), GMC Yukon XL 2500 (2007-2010), HUM H2 (2008-2009), HUM H3 (2008-2009), Isuzu Ascender (2005-2006), PON G8 (2008-2009), PON Grand Prix (2006-2008), PON GTO (2005-2006), Saab 9-7X (H) (2008-2009), Saab 9-7X (M) (2005-2009)",https://www.amazon.com/Beck-Arnley-178-8411-Direct-Ignition/dp/B0063OR6SQ,"Matches OE form, fit and function",Made from premium materials to withstand high temperatures,Primary and secondary windings made from copper,Out of the box and straight onto the vehicle for easy installation,Application specific for this vehicle
178-8412,B005F9HQQ2,Beck/Arnley 178-8412 Direct Ignition Coil For,"VEHICLE FIT: Honda Passport  (2000-2002), Isuzu Axiom  (2002-2003), Isuzu Rodeo  (2000-2004), Isuzu Rodeo Sport  (2001-2003), Isuzu Trooper  (2000-2002)",https://www.amazon.com/Beck-Arnley-178-8412-Direct-Ignition/dp/B005F9HQQ2,"Matches OE form, fit and function",Made from premium materials to withstand high temperatures,Primary and secondary windings made from copper,Out of the box and straight onto the vehicle for easy installation,Application specific for this vehicle
178-8414,B005VNWJIW,Beck/Arnley 178-8414 Direct Ignition Coil For,"VEHICLE FIT: BMW 320i (2004-2005), BMW 325Ci  (2003-2006), BMW 325i  (2003-2005), BMW 325xi  (2003-2005), BMW 330Ci  (2003-2006), BMW 330i  (2003-2005), BMW 330xi  (2003-2005), BMW 525i  (2003-2005), BMW 530i  (2003-2005), BMW 545i  (2004-2005), BMW 550i  (2006-2010), BMW 645ci  (2004-2005), BMW 650i  (2006-2010), BMW 745i  (2002-2005), BMW 745Li  (2002-2005), BMW 750i  (2006-2008), BMW 750Li  (2006-2008), BMW 760i  (2004-2006), BMW 760Li  (2003-2008), BMW Alpina B7  (2007-2008), BMW X3  (2004-2006), BMW X5 (2004-2006), BMW X5 (2004-2009), BMW X5  (2003-2006), BMW Z3  (2001-2002), BMW Z4  (2003-2005)",https://www.amazon.com/Beck-Arnley-178-8414-Direct-Ignition/dp/B005VNWJIW,"Matches OE form, fit and function",Made from premium materials to withstand high temperatures,Primary and secondary windings made from copper,Out of the box and straight onto the vehicle for easy installation,Application specific for this vehicle
178-8415,B005VZXXNA,Beck/Arnley 178-8415 Direct Ignition Coil For,"VEHICLE FIT: Audi A3 Quattro (BUB) (2006-2007), Audi A3 Quattro (CBRA) (2008-2009), Audi Q7 (BHK) (2007-2008), Audi TT Quattro (BHE) (2004-2006), Audi TT Quattro (CBRA) (2008-2009), Porsche Cayenne (A) (2004-2014), Porsche Cayenne (Nat. Asp) (2016-2018), Volkswagen Eos (2007-2008), Volkswagen Passat (BLV) (2006-2008), Volkswagen Touareg (BHK) (2007-2008), Volkswagen Touareg (BMX) (2005-2006)",https://www.amazon.com/dp/B005VZXXNA,"Matches OE form, fit and function",Made from premium materials to withstand high temperatures,Primary and secondary windings made from copper,Out of the box and straight onto the vehicle for easy installation,Application specific for this vehicle
178-8416,B005VNWKDQ,Beck/Arnley 178-8416 Direct Ignition Coil For,"VEHICLE FIT: Audi A6 Quattro (BNK) (2005-2006), Audi A8 Quattro (BFM) (2004-2005), Audi Allroad Quattro (BAS) (2003-2005), Audi S4 (BHF) (2004-2009)",https://www.amazon.com/dp/B005VNWKDQ,"Matches OE form, fit and function",Made from premium materials to withstand high temperatures,Primary and secondary windings made from copper,Out of the box and straight onto the vehicle for easy installation,Application specific for this vehicle
178-8417,B005F9HQXU,Beck/Arnley 178-8417 Direct Ignition Coil For 2001-2003 Volkswagen Eurovan (AXK),VEHICLE FIT: Volkswagen Eurovan (AXK) (2001-2003),https://www.amazon.com/Beck-Arnley-178-8417-Direct-Ignition/dp/B005F9HQXU,"Matches OE form, fit and function",Made from premium materials to withstand high temperatures,Primary and secondary windings made from copper,Out of the box and straight onto the vehicle for easy installation,Application specific for this vehicle
178-8419,B005F9HR3Y,Beck/Arnley 178-8419 Direct Ignition Coil For,"VEHICLE FIT: Volvo S40 (Turbo) (2000-2004), Volvo V40 (Turbo) (2000-2004)",https://www.amazon.com/dp/B005F9HR3Y,"Matches OE form, fit and function",Made from premium materials to withstand high temperatures,Primary and secondary windings made from copper,Out of the box and straight onto the vehicle for easy installation,Application specific for this vehicle
178-8424,B005VNWKEU,Beck/Arnley 178-8424 Direct Ignition Coil For,"VEHICLE FIT: Porsche Carrera GT (2004-2005), Porsche Cayenne (B,C) (2003-2006)",https://www.amazon.com/dp/B005VNWKEU,"Matches OE form, fit and function",Made from premium materials to withstand high temperatures,Primary and secondary windings made from copper,Out of the box and straight onto the vehicle for easy installation,Application specific for this vehicle
178-8425,B0063OR6PE,Beck/Arnley 178-8425 Direct Ignition Coil For,"VEHICLE FIT: Porsche 911 (2002-2008), Porsche 911 (2007-2008), Porsche 911 (2001-2005), Porsche 911 (2005-2008), Porsche 911 (Turbo) (2009-2011), Porsche Boxster (2003-2008), Porsche Boxster (2003-2006), Porsche Boxster (2007-2008), Porsche Cayman (2007-2008), Porsche Cayman (2006-2008)",https://www.amazon.com/Beck-Arnley-178-8425-Direct-Ignition/dp/B0063OR6PE,"Matches OE form, fit and function",Made from premium materials to withstand high temperatures,Primary and secondary windings made from copper,Out of the box and straight onto the vehicle for easy installation,Application specific for this vehicle
178-8427,B005VZXXPS,Beck/Arnley 178-8427 Direct Ignition Coil For 2000-2003 Honda S2000,VEHICLE FIT: Honda S2000  (2000-2003),https://www.amazon.com/Beck-Arnley-178-8427-Direct-Ignition/dp/B005VZXXPS,"Matches OE form, fit and function",Made from premium materials to withstand high temperatures,Primary and secondary windings made from copper,Out of the box and straight onto the vehicle for easy installation,Application specific for this vehicle
178-8429,B005VNWKEK,Beck/Arnley 178-8429 Direct Ignition Coil For,"VEHICLE FIT: Audi A4 (BKH) (2006-2008), Audi A4 Quattro (BKH) (2005-2009), Audi A5 Quattro (2008-2010), Audi A6 (BKH) (2006-2008), Audi A6 (CALA) (2009-2011), Audi A6 Quattro (2010-2017), Audi A6 Quattro (BKH) (2005-2008), Audi A6 Quattro (BVJ) (2007-2011), Audi A7 Quattro (2016-2018), Audi A7 Quattro (CTUA) (2013-2015), Audi A8 Quattro (BVJ) (2007-2010), Audi A8 Quattro (CDRA) (2011-2012), Audi A8 Quattro (CREC) (2015-2018), Audi A8 Quattro (CTUB) (2013-2014), Audi Q5 (2013-2017), Audi Q5 (2010-2012), Audi Q7 (2011-2019), Audi Q7 (BAR) (2007-2010), Audi R8 (BUJ) (2009-2012), Audi R8 (BYH) (2008-2010), Audi R8 (CNDA) (2011-2015), Audi R8 (CTYA,CTPA) (2014-2015), Audi S4 (CCBA) (2010-2012), Audi S4 (CTUB) (2014-2016), Audi S5 (CAKA,CCBA) (2010-2012), Audi S5 (CAUA) (2008-2012), Audi S5 (CTUB) (2014-2017), Audi S6 (BXA) (2007-2011), Audi S8 (BSM) (2007-2009), Audi SQ5 (CTUD) (2014-2017), Porsche Cayenne (CGFA) (2012-2018), Porsche Panamera (CGFA) (2014-2016), Porsche Panamera (Supercharged) (2012-2013), Volkswagen Touareg (BAR) (2007-2009), Volkswagen Touareg (CGFA) (2011-2015)",https://www.amazon.com/dp/B005VNWKEK,"Matches OE form, fit and function",Made from premium materials to withstand high temperatures,Primary and secondary windings made from copper,Out of the box and straight onto the vehicle for easy installation,Application specific for this vehicle
178-8431,B005VNWLKS,Beck/Arnley 178-8431 Direct Ignition Coil For 2002-2005 Land Rover Freelander,VEHICLE FIT: Land Rover Freelander (2002-2005),https://www.amazon.com/dp/B005VNWLKS,"Matches OE form, fit and function",Made from premium materials to withstand high temperatures,Primary and secondary windings made from copper,Out of the box and straight onto the vehicle for easy installation,Application specific for this vehicle
178-8434,B006I26JNQ,Beck/Arnley 178-8434 Direct Ignition Coil For,"VEHICLE FIT: Porsche 911 (1999-2001), Porsche Boxster (1997-1999), Porsche Boxster (2000-2002), Porsche Boxster (2000-2002)",https://www.amazon.com/Beck-Arnley-178-8434-Direct-Ignition/dp/B006I26JNQ,"Matches OE form, fit and function",Made from premium materials to withstand high temperatures,Primary and secondary windings made from copper,Out of the box and straight onto the vehicle for easy installation,Application specific for this vehicle
178-8435,B00B5833P0,Beck/Arnley 178-8435 Direct Ignition Coil For,"VEHICLE FIT: BUI Enclave (2008-2012), BUI Lacrosse (2010-2011), Cadillac CTS (2010-2011), Cadillac SRX (2007-2009), Cadillac STS (2009-2011), Chevrolet Camaro (2010-2011), Chevrolet Equinox (2008-2009), Chevrolet Malibu (2008-2012), Chevrolet Traverse (2010-2012), GMC Acadia (2007-2012), PON G6 (2007-2009), PON G8 (2008-2009), PON Torrent (2008-2009), Saab 9-5 (2010-2011), SAT Aura (2007-2008), SAT Outlook (2007-2010), SAT Vue (2008-2009), Suzuki Grand Vitara  (2009-2010), Suzuki XL-7  (2007-2009)",https://www.amazon.com/dp/B00B5833P0,"Matches OE form, fit and function",Made from premium materials to withstand high temperatures,Primary and secondary windings made from copper,Out of the box and straight onto the vehicle for easy installation,Application specific for this vehicle
178-8436,B006I26JFE,Beck/Arnley 178-8436 Direct Ignition Coil For 2003-2005 Mercedes-Benz C230,VEHICLE FIT: Mercedes-Benz C230 (2003-2005),https://www.amazon.com/Beck-Arnley-178-8436-Direct-Ignition/dp/B006I26JFE,"Matches OE form, fit and function",Made from premium materials to withstand high temperatures,Primary and secondary windings made from copper,Out of the box and straight onto the vehicle for easy installation,Application specific for this vehicle
178-8437,B006I26KYE,Beck/Arnley 178-8437 Direct Ignition Coil For 2001-2004 Mercedes-Benz SLK230,VEHICLE FIT: Mercedes-Benz SLK230 (2001-2004),https://www.amazon.com/Beck-Arnley-178-8437-Direct-Ignition/dp/B006I26KYE,"Matches OE form, fit and function",Made from premium materials to withstand high temperatures,Primary and secondary windings made from copper,Out of the box and straight onto the vehicle for easy installation,Application specific for this vehicle
178-8440,B005VZXXSA,Beck/Arnley 178-8440 Direct Ignition Coil For,"VEHICLE FIT: Saab 9-3  (2004-2005), Saab 9-3  (2006-2011), Saab 9-3X  (2010-2011)",https://www.amazon.com/Beck-Arnley-178-8440-Direct-Ignition/dp/B005VZXXSA,"Matches OE form, fit and function",Made from premium materials to withstand high temperatures,Primary and secondary windings made from copper,Out of the box and straight onto the vehicle for easy installation,Application specific for this vehicle
178-8445,B006I26KTE,Beck/Arnley 178-8445 Direct Ignition Coil For,"VEHICLE FIT: Audi A3 (CCTA) (2010-2013), Audi A3 (Turbo) (2006-2009), Audi A3 Quattro (CCTA) (2009-2013), Audi A4 (1984) (2005-2016), Audi A4 Quattro (1984) (2005-2016), Audi A5 (Turbo) (2010-2014), Audi A5 Quattro (Turbo) (2010-2017), Audi A6 (Turbo) (2012-2015), Audi A6 Quattro (1984) (2013-2015), Audi Allroad (1984) (2013-2016), Audi Q3 (1984) (2015-2018), Audi Q3 Quattro (1984) (2015-2017), Audi Q5 (Turbo) (2011-2017), Audi RS5 (2013-2015), Audi TT (1984) (2008-2009), Audi TT Quattro (1984) (2009-2015), Audi TT RS Quattro (2012-2013), Audi TTS Quattro (1984) (2009-2015), Volkswagen Beetle (2006-2014), Volkswagen Beetle (BPR, BPS) (2008-2010), Volkswagen Beetle (CBFA, CCTA) (2012-2013), Volkswagen CC (1984) (2013-2017), Volkswagen CC (Turbo) (2009-2012), Volkswagen Eos (1984) (2007-2016), Volkswagen Golf (1968) (2012-2014), Volkswagen Golf (2010-2014), Volkswagen Golf R (CRZA) (2012-2013), Volkswagen GTI (1984) (2006-2014), Volkswagen Jetta (CCTA ,CBFA) (2012-2013), Volkswagen Jetta (Nat. Asp) (2005-2014), Volkswagen Jetta (Turbo) (2006-2010), Volkswagen Passat (2012-2014), Volkswagen Passat (Turbo) (2006-2010), Volkswagen Rabbit (2006-2009), Volkswagen Tiguan (1984) (2009-2017), Volkswagen Tiguan Limited (CCTA) (2017-2018)",https://www.amazon.com/dp/B006I26KTE,"Matches OE form, fit and function",Made from premium materials to withstand high temperatures,Primary and secondary windings made from copper,Out of the box and straight onto the vehicle for easy installation,Application specific for this vehicle
178-8446,B009B3V6G4,Beck/Arnley 178-8446 Direct Ignition Coil For,"VEHICLE FIT: Mitsubishi Endeavor  (2005-2008), Mitsubishi Galant (2005-2007)",https://www.amazon.com/Beck-Arnley-178-8446-Direct-Ignition/dp/B009B3V6G4,"Matches OE form, fit and function",Made from premium materials to withstand high temperatures,Primary and secondary windings made from copper,Out of the box and straight onto the vehicle for easy installation,Application specific for this vehicle
178-8447,B009B3V6NC,Beck/Arnley 178-8447 Direct Ignition Coil For 2003-2005 Mitsubishi Montero,VEHICLE FIT: Mitsubishi Montero (2003-2005),https://www.amazon.com/Beck-Arnley-178-8447-Direct-Ignition/dp/B009B3V6NC,Item Package Dimension: 7.51L x 4.72W x 3.58H inches,Item Package Weight - 1.85 Pounds,Item Package Quantity - 1,Product Type - IGNITION COIL,
178-8453,B009B3V96Q,Beck/Arnley 178-8453 Direct Ignition Coil For,"VEHICLE FIT: Mercedes-Benz C63 AMG (2008-2015), Mercedes-Benz CL63 AMG (2008-2010), Mercedes-Benz CLK63 AMG (2007-2009), Mercedes-Benz CLS63 AMG (2007-2011), Mercedes-Benz E63 AMG (2007-2011), Mercedes-Benz ML63 AMG (2007-2011), Mercedes-Benz S63 AMG (2008-2010), Mercedes-Benz SL63 AMG (2009-2012), Mercedes-Benz SLS AMG (2011-2014)",https://www.amazon.com/Beck-Arnley-178-8453-Direct-Ignition/dp/B009B3V96Q,"Matches OE form, fit and function",Made from premium materials to withstand high temperatures,Primary and secondary windings made from copper,Out of the box and straight onto the vehicle for easy installation,Application specific for this vehicle
178-8462,B009B3VBYG,Beck/Arnley 178-8462 Direct Ignition Coil For,"VEHICLE FIT: Jaguar S-Type (2003-2008), Jaguar Super V8 (2005-2009), Jaguar Vanden Plas (2004-2009), Jaguar XF (2009-2010), Jaguar XJ8 (2004-2009), Jaguar XJR (2004-2009), Jaguar XK (2007-2009), Jaguar XK8 (2003-2006), Jaguar XKR (2003-2009), Land Rover LR3 (2005-2009), Land Rover Range Rover (2006-2009), Land Rover Range Rover (2006-2009), Land Rover Range Rover Sport (2006-2009), Land Rover Range Rover Sport (2006-2009)",https://www.amazon.com/Beck-Arnley-178-8462-Direct-Ignition/dp/B009B3VBYG,"Matches OE form, fit and function",Made from premium materials to withstand high temperatures,Primary and secondary windings made from copper,Out of the box and straight onto the vehicle for easy installation,Application specific for this vehicle
178-8463,B009B3VCB8,Beck/Arnley 178-8463 Direct Ignition Coil For,"VEHICLE FIT: Lexus GS400  (1998-2000), Lexus LS400  (1998-2000), Lexus SC400  (1998-2000)",https://www.amazon.com/dp/B009B3VCB8,"Matches OE form, fit and function",Made from premium materials to withstand high temperatures,Primary and secondary windings made from copper,Out of the box and straight onto the vehicle for easy installation,Application specific for this vehicle
178-8471,B009B3VEJ8,Beck/Arnley 178-8471 Direct Ignition Coil For,"VEHICLE FIT: BUI Rainier (2006-2007), Chevrolet Colorado (2007-2012), Chevrolet Trailblazer (2006-2009), GMC Canyon (2007-2012), GMC Envoy (2006-2009), HUM H3 (2007-2010), HUM H3T (2009-2010), Isuzu Ascender (2006-2007), Saab 9-7X (S) (2006-2009)",https://www.amazon.com/dp/B009B3VEJ8,"Matches OE form, fit and function",Made from premium materials to withstand high temperatures,Primary and secondary windings made from copper,Out of the box and straight onto the vehicle for easy installation,Application specific for this vehicle
178-8472,B009B3VEQ6,Beck/Arnley 178-8472 Direct Ignition Coil For,"VEHICLE FIT: Jaguar S-Type (2003-2008), Jaguar X-Type (2002-2008), Jaguar X-Type (2002-2005)",https://www.amazon.com/Beck-Arnley-178-8472-Direct-Ignition/dp/B009B3VEQ6,"Matches OE form, fit and function",Made from premium materials to withstand high temperatures,Primary and secondary windings made from copper,Out of the box and straight onto the vehicle for easy installation,Application specific for this vehicle
178-8476,B009B3VFZ6,Beck/Arnley 178-8476 Direct Ignition Coil For,VEHICLE Fiat: (2002) Subaru Impreza ,https://www.amazon.com/dp/B009B3VFZ6,"Matches OE form, fit and function",Made from premium materials to withstand high temperatures,Primary and secondary windings made from copper,Out of the box and straight onto the vehicle for easy installation,Application specific for this vehicle
178-8478,B007KJJSBG,Beck/Arnley 178-8478 Direct Ignition Coil For,"VEHICLE FIT: Acura ILX (2013-2015), Honda Accord  (2008-2012), Honda Civic  (2012-2015), Honda Crosstour  (2012-2015), Honda CR-V (2010-2014)",https://www.amazon.com/Beck-Arnley-178-8478-Direct-Ignition/dp/B007KJJSBG,"Matches OE form, fit and function",Made from premium materials to withstand high temperatures,Primary and secondary windings made from copper,Out of the box and straight onto the vehicle for easy installation,Application specific for this vehicle
178-8479,B006I26M9M,Beck/Arnley 178-8479 Direct Ignition Coil For,"VEHICLE FIT: Porsche 911 (2012-2016), Porsche 911 (2017-2019), Porsche 911 (2011-2019), Porsche 911 (Nat. Asp) (2009-2016), Porsche Boxster (2013-2016), Porsche Boxster (2009-2012), Porsche Boxster (2009-2010), Porsche Boxster (2011-2016), Porsche Cayman (2014-2016), Porsche Cayman (2009-2012), Porsche Cayman (2009-2012), Porsche Cayman (2014-2016)",https://www.amazon.com/Beck-Arnley-178-8479-Direct-Ignition/dp/B006I26M9M,"Matches OE form, fit and function",Made from premium materials to withstand high temperatures,Primary and secondary windings made from copper,Out of the box and straight onto the vehicle for easy installation,Application specific for this vehicle
178-8480,B008YDEBN2,Beck/Arnley 178-8480 Direct Ignition Coil For,VEHICLE Fiat: (2006) BMW 325i  (2006) BMW 325xi  (2006) BMW 330i  (2006) BMW 330xi  (2006) BMW 525i (2006) BMW 525xi (2006) BMW 530i (2006) BMW 530xi (2006) BMW Z4 ,https://www.amazon.com/dp/B008YDEBN2,"Matches OE form, fit and function",Made from premium materials to withstand high temperatures,Primary and secondary windings made from copper,Out of the box and straight onto the vehicle for easy installation,Application specific for this vehicle
178-8481,B007KJJSHU,Beck/Arnley 178-8481 Direct Ignition Coil For,"VEHICLE FIT: Mazda Miata (Nat. Asp) (2001-2005), Mazda Miata (Turbo) (2004-2005)",https://www.amazon.com/Beck-Arnley-178-8481-Direct-Ignition/dp/B007KJJSHU,"Matches OE form, fit and function",Made from premium materials to withstand high temperatures,Primary and secondary windings made from copper,Out of the box and straight onto the vehicle for easy installation,Application specific for this vehicle
178-8482,B007KJJSIE,Beck/Arnley 178-8482 Direct Ignition Coil For,"VEHICLE FIT: Acura MDX  (2010-2013), Acura RDX (2013-2015), Acura ZDX  (2010-2013), Honda Pilot  (2009-2015), Honda Ridgeline  (2009-2014)",https://www.amazon.com/Beck-Arnley-178-8482-Direct-Ignition/dp/B007KJJSIE,"Matches OE form, fit and function",Made from premium materials to withstand high temperatures,Primary and secondary windings made from copper,Out of the box and straight onto the vehicle for easy installation,Application specific for this vehicle
178-8483,B007KJJTL0,Beck/Arnley 178-8483 Direct Ignition Coil For,"VEHICLE FIT: Dodge Dakota (2004-2008), Dodge Dakota (2000-2008), Dodge Durango (2004-2008), Dodge Durango (2000-2008), Dodge Nitro (2007-2008), Dodge Ram 1500 (2002-2008), Dodge Ram 1500 (2002-2007), JEP Commander (2006-2008), JEP Commander (2006-2007), JEP Grand Cherokee (2005-2008), JEP Grand Cherokee (1999-2007), JEP Liberty (2002-2008), Mitsubishi Raider (2006-2008), Mitsubishi Raider (2006-2007)",https://www.amazon.com/Beck-Arnley-178-8483-Direct-Ignition/dp/B007KJJTL0,"Matches OE form, fit and function",Made from premium materials to withstand high temperatures,Primary and secondary windings made from copper,Out of the box and straight onto the vehicle for easy installation,Application specific for this vehicle
178-8484,B007KJJTME,Beck/Arnley 178-8484 Direct Ignition Coil For 2010-2011 Honda Insight,VEHICLE FIT: Honda Insight  (2010-2011),https://www.amazon.com/dp/B007KJJTME,"Matches OE form, fit and function",Made from premium materials to withstand high temperatures,Primary and secondary windings made from copper,Out of the box and straight onto the vehicle for easy installation,Application specific for this vehicle
178-8489,B00B5833Q4,Beck/Arnley 178-8489 Direct Ignition Coil For,"VEHICLE FIT: BUI Allure (2005-2007), BUI Lacrosse (2005-2008), BUI Rendezvous (2004-2006), Cadillac CTS (2004-2007), Cadillac SRX (2004-2006), Saab 9-3 (2006-2009)",https://www.amazon.com/Beck-Arnley-178-8489-Direct-Ignition/dp/B00B5833Q4,"Matches OE form, fit and function",Made from premium materials to withstand high temperatures,Primary and secondary windings made from copper,Out of the box and straight onto the vehicle for easy installation,Application specific for this vehicle
